{
  "object_mAP50": 90.53167197745218,
  "object_mAP50_95": 70.07138791751505,
  "pose_mAP50": 90.4230059700436,
  "pose_mAP50_95": 89.84562140704
}